0.87986,0.93869,-0.29492,-0.69714,0.19625,-0.80619,2.00563,0.13291,0.75459,-1.21835
0.26753,1.87040,2.12385,-0.56575,-1.01914,0.82581,0.56116,0.79211,-0.55842,-0.97788
-0.23969,0.61346,0.32221,-0.36769,1.32966,0.01417,-0.49924,0.29645,-2.17599,0.23707
0.26706,-0.74423,0.47210,-0.70422,-0.78666,1.16828,1.92160,0.92188,-0.59276,0.58574
-1.16120,0.67646,-0.62077,0.78919,-1.74468,1.36948,-0.36083,-1.23656,0.67749,-0.15337
1.39067,0.12372,-0.07202,-1.10309,-1.15454,-0.54983,-0.38168,-0.24422,0.82507,2.66948
0.93245,0.71777,3.30696,-0.67479,-0.35385,-1.03999,0.40554,-0.69240,-2.79791,-1.16510
0.69472,0.42413,-0.36043,0.75730,-0.57945,-1.21885,-1.53105,-1.28002,-0.69957,2.13791
-0.47057,0.18581,0.58426,0.67281,-0.01709,-0.84898,1.93532,-0.61119,1.78361,-0.41161
1.16737,-1.89225,-0.52243,1.08345,-0.26113,1.24028,-0.18174,0.28523,1.41914,-1.19503
1.07914,-0.91805,0.53431,1.60842,-1.17378,-0.55465,-0.83255,-1.06380,0.21344,0.53206
-1.09245,0.48240,-0.98804,-0.59256,-1.41531,-0.51802,0.31828,-0.07597,-1.42345,1.49313
1.59326,0.85544,-0.91580,-0.09249,-0.20398,-1.61563,0.91477,0.93884,0.89000,-0.41603
0.55675,-0.87229,0.69981,-0.86889,2.26965,0.55686,0.71422,-0.36323,-2.23736,0.92055
1.03898,-0.70507,0.68790,0.63552,-2.48209,1.56028,0.63322,-0.58752,-0.00313,0.54409
-0.22411,-0.10487,1.27914,0.06540,2.06328,0.42138,-1.16062,1.12197,-0.14380,-0.44751
1.34303,0.11877,1.20069,0.82949,0.10373,0.23002,0.66759,1.80988,-0.07079,1.87518
1.64369,0.18357,-0.56177,-2.14856,0.53474,-0.44884,-0.40132,-0.11268,-0.92883,0.50513
1.04691,0.99813,0.42079,1.05150,-0.41447,-0.05392,1.34285,2.00247,-1.72760,0.96457
1.04652,1.73620,-0.43564,-1.55309,0.64537,-0.46494,-1.03701,1.20576,-1.45969,0.74707
1.87893,0.48416,0.08810,-1.17947,-0.46914,0.35038,0.18980,1.45024,-0.02615,-0.10090
0.28407,-0.18649,1.02267,1.07960,1.14104,-1.77281,0.50102,0.59819,0.15772,1.65913
-0.83784,-2.26141,-0.22327,0.06850,0.36105,0.49607,0.63306,-0.10781,-1.59046,0.24826
1.02837,-0.14651,-1.32803,1.19660,1.64778,1.73288,-0.28968,1.26214,-0.05663,-0.65004
0.00392,-0.07667,-0.29803,-0.99137,-0.32247,0.18557,-0.01857,0.00074,-0.90242,-0.82457
-0.03082,-0.11866,1.54093,1.10900,1.61492,1.01030,0.69094,0.47540,-0.52817,0.11117
-1.13152,0.72310,-1.09948,-0.32856,-1.12839,-1.96638,-2.65430,-0.89412,0.17007,-0.27820
0.28820,0.15450,-0.91285,-0.11769,-1.49250,0.46311,0.87502,-0.73678,-2.09122,-0.09198
1.12185,-0.19895,1.82658,0.85037,-0.08128,-1.86149,-1.03592,0.31006,-0.49787,0.01600
-3.26477,0.57985,-0.09835,1.33252,-0.06368,-0.17449,0.28933,1.74204,0.55952,0.36117
0.07112,1.03146,0.18710,-0.61163,-0.65268,1.59937,-0.83741,-0.30659,-1.75450,0.36231
0.20292,-0.94774,2.46354,0.15359,-0.11681,-0.54441,-0.87001,0.91973,1.51848,1.40503
-1.31707,-1.03452,-0.08881,0.02285,-1.19259,-0.36492,0.89139,-0.73172,0.42607,-0.91137
-1.54670,-0.83324,-2.21435,0.11729,-1.36019,0.40999,-0.31190,-0.83708,-1.63310,-0.63972
-0.59635,-0.14225,-0.89488,0.95846,-1.59853,-1.40490,-0.69651,0.24309,-0.37868,0.06930
-0.31565,-0.92765,0.48917,-0.86599,0.38280,-0.58644,-0.05109,-0.58302,1.61188,0.92318
-0.07455,0.38388,-0.29934,-1.13946,-0.59219,0.68201,0.45344,-1.07643,-0.17452,0.62463
0.58904,-0.29200,-1.47064,-0.17375,-0.87624,-0.81997,-0.13735,-0.65560,0.00736,0.94182
0.89028,-2.52558,0.11462,1.94841,-0.59097,-0.30848,0.93815,-0.76777,1.12554,0.57188
-2.21705,0.09541,0.30446,-0.89823,0.46717,-0.51246,0.84994,-1.06416,1.40233,0.87526
-1.90899,0.06887,0.38125,0.78801,-0.86321,0.35742,0.28439,-0.02661,0.10081,0.49562
0.65653,-0.76011,0.00130,0.26354,-1.95291,0.76943,-0.04499,1.88030,2.49125,-1.48034
-0.31575,-0.36943,-1.44050,0.25354,0.21807,1.05571,0.12063,0.23912,1.91180,-0.21231
0.66675,-2.38557,-0.63626,-0.32754,-1.98411,0.49255,1.19534,-1.94336,-1.64445,0.97957
-0.45635,-0.05913,1.48945,-0.85088,-0.24813,1.09042,-0.49025,-1.01915,0.13734,0.59428
0.49270,-0.50912,1.48015,-1.44315,0.08462,0.53074,1.28068,-1.52823,-3.17016,0.15081
-0.42135,0.88114,0.28949,0.19191,1.03891,0.62299,-0.15471,0.92663,0.26292,2.92576
0.23200,0.24202,-0.05848,-1.12053,-0.32467,0.30387,-0.20216,2.09735,0.20875,-0.16821
2.04810,0.46422,0.56505,-1.11156,-0.52197,-0.30976,-0.90506,-1.21208,-1.64531,-0.16932
0.64791,0.07772,0.34919,-0.21671,0.31657,-1.64745,0.61907,0.35209,0.85522,0.14791
0.89594,-1.91555,-0.22651,-0.66628,1.68455,-0.16223,0.34898,-0.71528,-0.88312,0.11485
0.95960,-0.06638,0.61439,1.77700,-0.34549,0.67692,0.46478,0.68208,0.19747,1.07679
0.55328,-1.89723,-1.23555,0.32995,0.49347,-1.58352,-0.94155,-0.80083,0.70441,-0.21999
1.43625,-0.33108,0.94422,-0.46209,-0.58499,-1.66257,0.50929,0.29736,0.95003,0.83471
-1.55960,-1.09346,-0.88461,-0.56908,-1.08764,0.11830,-1.29872,0.67520,-0.89047,-0.15836
0.26902,-0.15794,-2.29371,2.82550,2.70889,-0.51160,0.81411,0.08114,0.20601,0.37654
-1.89304,0.56430,0.07147,1.11305,-0.76133,-0.10916,-1.03016,-0.84824,0.58759,0.56859
-0.71310,2.22629,1.66086,-1.90377,1.91705,1.27366,1.20814,0.84903,-0.81082,-1.89699
-1.55377,0.76969,0.95222,-0.29583,0.29040,0.18005,-0.59364,-0.86188,-0.33547,-0.57947
0.35019,-1.33593,-1.38104,-0.16699,1.54841,1.52075,1.71602,-0.87655,0.51195,-0.49745
0.34219,-1.63381,-0.42904,0.28133,2.23813,0.88522,0.46599,-1.13436,-0.25723,-1.98375
0.06906,1.06822,0.65378,0.66192,1.05166,0.67739,0.73690,0.39478,-1.04449,0.55758
0.95105,1.07000,-1.13388,0.76674,-1.00106,0.79028,-1.99508,-1.12043,-0.56983,-0.12833
0.30247,-1.86631,-0.16828,0.46220,0.12111,-0.25032,-1.99161,-0.05357,1.02562,-0.20674
-0.36596,1.68352,0.70469,0.35359,0.80672,0.48996,-0.96729,-0.03583,-1.26560,-0.42817
0.00945,-1.28935,-0.33330,-0.42105,-1.04636,-0.26649,-1.68508,2.20814,0.11810,0.46669
1.39413,-0.25912,0.91488,1.09767,0.45943,1.55134,-0.95711,-2.10252,-0.98961,-1.21002
0.63539,-1.01600,0.29676,0.61580,0.76696,1.93347,0.16864,0.79540,-2.23579,-1.09286
0.95033,1.21190,-0.11616,1.22292,0.74545,0.91133,1.13109,0.02728,-0.68267,-0.39896
-0.56226,0.63432,0.15346,-0.16004,-0.19144,1.22266,2.25041,-0.55418,0.52710,1.94678
-1.05470,0.92845,1.42783,-0.06996,-1.55188,1.55283,-0.66124,0.39774,-0.71040,0.73078
-0.14219,0.78456,-0.30578,-1.76293,0.28526,-0.70388,-0.10004,2.28890,-1.15166,-0.04943
-1.49386,-1.11229,-0.60245,0.17198,0.72468,-1.00561,-0.46476,-0.03757,-0.09165,0.80424
0.97502,0.09155,-0.58561,-0.39067,-0.41809,-1.25096,-0.50370,0.68267,1.39928,1.48085
-0.02989,-0.08450,0.93785,0.36832,0.34177,-0.28370,0.79586,-0.28841,-0.00106,0.25392
0.44211,0.65185,-0.39499,0.80498,1.68057,-0.37143,-0.98865,0.38819,-0.12517,0.23989
0.02767,0.08612,-1.98937,-1.54751,-0.02879,0.78612,2.39884,-1.12309,0.38049,-0.93375
-1.28945,0.98737,1.21693,-0.28048,-0.27187,0.70573,-0.21573,-1.31127,-0.89600,1.75463
2.07201,0.30838,0.47684,0.44237,-0.84462,2.27748,0.97371,-0.24938,-0.97065,0.61246
0.12000,0.02220,1.09752,-0.63001,0.24692,2.13448,0.14676,-0.20014,1.39054,-0.32969
-1.42994,0.37986,-0.21209,1.09147,0.22547,-0.36076,-0.53206,1.71904,-0.84841,1.00752
-0.19084,-0.53973,1.50162,1.23516,0.50321,-1.24406,0.97114,0.13910,-1.04321,1.43692
1.04935,-0.03601,-0.62883,-1.32716,-0.73635,-0.24363,1.19321,-1.27462,1.00668,-0.05433
-0.65101,0.61698,0.20186,-1.59800,0.40193,-0.24508,0.17911,0.35404,0.77763,-2.08448
-0.38034,2.92957,3.11998,0.36768,-1.39352,-0.91308,0.55540,-0.58193,-0.13501,-1.94096
0.71890,-1.46334,-1.00385,1.12998,1.61788,-0.46431,-1.38382,-0.60360,-0.89547,-0.41627
-0.02826,0.50892,-0.77197,-0.73313,0.22755,0.52929,0.69257,1.63385,-0.54779,0.16277
-2.42903,-0.75380,0.54687,0.40817,0.38163,-0.14743,-1.38197,-0.19886,1.63823,0.89690
0.29689,0.41466,-0.57490,-0.74931,0.17991,0.48442,-0.80993,-0.53797,-0.79750,0.98210
0.08355,-0.04257,-0.87540,-2.37592,1.44753,0.35425,-2.78197,-0.43230,0.34889,-0.18939
-0.43104,-1.55898,-0.82239,0.53326,0.27965,-0.67855,-0.16189,-1.05423,0.81418,0.14882
1.30477,-0.62856,0.44866,0.65470,0.20395,1.03855,-1.15881,-2.75794,-0.35666,1.07789
-0.61031,1.10668,1.17119,1.62997,0.21978,-0.45923,-0.59396,0.14310,-1.22722,-1.94333
0.81836,-1.19269,-0.39812,-0.32389,-2.08891,2.05013,0.68184,-0.38405,-1.24007,0.92199
-0.39655,1.27148,0.03031,0.12291,0.38934,-1.45605,-0.06306,0.50927,-0.45513,-1.73654
1.50142,-1.19431,-1.12703,1.62989,0.61579,-1.94748,0.46855,0.22900,-2.23421,-0.32945
0.60258,0.70459,-0.51690,-1.99917,-0.72846,0.56485,1.36215,0.66418,-0.66556,0.99422
-1.31988,0.21486,-0.34525,0.16599,0.94538,-0.09891,2.01195,1.55068,-0.29301,0.20144
-1.18665,0.28506,-0.90798,-0.33696,0.80954,0.02654,-1.48722,-0.37980,-0.73034,-1.94063
0.18627,1.59094,-1.82101,1.55972,-1.62990,1.69716,2.15751,-1.25593,-0.77322,0.02437
0.09312,-1.93009,-0.19416,-1.16966,-2.08382,0.25871,1.75698,0.43730,-1.27622,1.38947
0.54697,-0.31298,1.10594,0.97850,1.38522,-0.79077,-0.27580,-0.73496,-1.63851,-0.62719
0.48480,-1.15981,-0.80235,0.60237,1.45181,0.64310,1.18886,1.69083,1.00661,-0.87304
0.52734,-1.29896,0.69931,0.65340,0.79169,1.25273,2.06874,0.63801,-1.05653,1.17948
-1.30710,0.08932,-0.04169,-0.46241,0.49849,-1.14683,1.52203,0.19425,-2.89264,2.02280
-1.17359,1.25580,0.33363,1.52252,0.23118,1.17479,-0.30819,0.36008,-0.23293,-0.67903
-0.55551,1.11782,0.64674,-0.79718,1.09675,-0.92148,-0.88839,0.71159,-0.68825,-0.55157
0.10495,0.04010,0.33809,-1.62395,0.01986,0.73585,1.42593,0.44321,-0.72906,-1.32862
0.01455,0.79330,1.60825,-0.46898,-1.00967,0.09683,-0.54442,1.41692,0.44949,0.41769
0.95011,-0.59352,1.35571,0.53012,-0.85729,-0.14612,-0.33720,-0.87512,0.45843,-0.43745
-0.18255,1.74860,-0.23433,0.62392,-0.53377,-0.89856,-0.86583,-2.25070,-0.71893,0.91149
0.25973,-0.17106,-0.10557,0.10112,1.32617,-0.38139,-0.84686,-0.29104,-0.45290,0.34098
0.37543,-2.44955,-1.47749,-0.70443,0.74670,0.15025,0.47737,-0.64995,1.80071,-1.50378
0.40332,-0.25721,-0.66945,-0.96948,-0.05056,-0.61344,2.05444,1.58341,-0.32351,0.73888
-0.15138,-0.44390,1.71847,0.47413,-0.55558,0.89430,1.58909,0.65646,-0.79067,1.00655
0.11527,-0.39615,0.47365,0.20288,-0.91951,-0.13846,0.63204,0.23215,-0.13428,1.06230
1.18385,1.36775,-0.00095,-1.37810,-0.11880,-1.35080,-0.46599,0.46887,0.29412,-1.40770
-0.15779,2.19309,1.15198,1.56964,-0.39148,-0.91651,-1.14320,-0.12081,-1.33245,-0.59113
0.48845,-0.45349,0.34781,0.77099,-0.31503,-0.22369,0.51179,-0.84097,0.74087,1.38669
0.04664,-0.17906,0.92739,-0.61951,-0.85722,0.67451,-0.79015,0.79510,0.90556,-0.19742
-0.81081,1.63263,-0.51229,-0.71642,1.00974,0.55795,-0.29022,2.59483,-0.26108,-0.06859
-2.85810,0.81692,-0.30726,-0.76283,1.11744,0.28667,0.76180,-0.60830,1.21896,-0.20253
-0.75468,-0.54538,0.21254,0.24109,-1.07189,2.43289,-0.28276,0.08034,-0.69103,-0.21965
-0.83684,-0.76717,-0.65101,-0.08678,0.86032,-1.40021,-1.10927,-0.92857,-1.83218,1.34971
-1.16032,-0.34457,0.64191,0.28034,-0.06423,-1.00082,0.06439,0.70279,-0.78298,0.11031
0.27817,0.04674,0.96969,-0.70308,0.35158,0.32943,0.73594,-0.08007,0.07770,-0.03371
0.98287,0.09272,1.47355,0.09580,0.33111,-0.26359,1.47530,-2.10316,-0.59411,-0.26556
0.22295,0.48070,1.07991,0.25806,0.17922,0.91678,-0.68380,-1.09568,-0.06974,0.86285
-0.17917,-2.50377,0.47947,-0.39808,-1.46404,-0.88985,-0.93195,0.59904,0.51970,1.53671
0.58920,1.05302,0.62342,1.05929,-0.15424,-0.66000,-1.09313,-1.09333,0.91813,0.37782
0.11147,-0.91967,-1.84521,0.55708,0.29246,-0.39839,0.21350,-1.06391,2.89004,2.49072
-0.35971,0.36562,-0.26490,0.73097,0.16658,0.61931,0.03435,1.45910,-2.10298,0.39714
0.20366,-1.86253,-0.67127,-1.74930,0.22342,0.58113,-3.38748,-0.13777,-1.84329,0.52954
-1.15595,2.10756,0.10121,1.03231,-2.60780,-0.22623,-0.22348,-0.56363,0.09026,-0.82145
0.47222,-0.41217,1.31594,-0.82210,0.71079,-0.03005,1.14784,-0.09039,0.85190,-1.07112
0.95458,1.03960,1.54668,-0.44197,-0.09167,0.86474,-0.80940,0.04042,-0.76278,-2.27005
-3.65783,-1.29050,0.96222,0.01013,-0.98279,0.09609,-1.49303,-1.08702,-0.75838,-0.13230
-0.33067,-1.85744,-0.87506,0.26431,1.69544,-0.22674,-0.45565,-1.00322,-1.44281,-0.81686
1.35796,0.74500,-0.74671,0.10584,0.85974,0.18619,0.82635,-1.77057,-0.01056,-1.09912
-0.05673,-0.74576,-0.19217,0.65017,-1.94252,0.24576,-0.86996,-0.65164,1.10643,0.32915
-0.48974,-0.49231,-0.63788,0.24142,-0.84026,0.01554,-0.73963,0.09900,-0.60671,0.00815
-1.05479,-1.49015,-0.49532,-1.85507,-1.25742,0.54748,-0.53139,-0.31295,-0.07823,-1.89881
0.45650,-0.80227,0.25669,-0.63232,-1.40290,-0.02065,-0.98128,1.12349,-0.09024,0.08138
-1.17299,0.99615,-0.75138,-0.82411,0.03158,0.16537,-1.46066,0.67397,0.67916,1.51929
-0.21227,-0.12643,0.84222,0.67835,0.53797,0.16688,0.03728,0.60864,0.18474,0.71253
0.24189,0.75933,0.00241,1.69038,-1.97669,0.92350,0.67511,0.75792,1.73090,1.34985
-0.67395,-2.10645,1.17967,1.40440,-0.02361,-0.23796,0.41024,0.18089,0.69740,-0.64102
0.51754,-0.29725,-0.87443,0.03309,-0.81623,0.04463,-1.62134,-0.33726,-1.98585,1.87821
-0.87290,1.74047,1.14616,-0.68953,-0.16127,-1.37535,-1.83920,0.80559,0.43279,0.26937
-0.13161,0.62013,-0.44808,0.37933,-1.53084,-0.84503,0.50105,-2.23626,-1.17915,0.01901
0.80486,-0.51912,-1.25803,0.24602,0.08227,-0.65268,0.38625,-0.54462,-1.53935,0.64765
0.06149,0.08481,-0.16476,1.25101,-1.85763,-1.44493,1.59994,0.56408,0.58993,1.18359
0.18544,0.24063,-1.93892,-0.38175,-1.66177,0.56343,-0.92934,-0.40704,-0.82294,-1.12044
0.06999,0.02380,0.07125,0.26747,-1.16483,0.82105,0.35483,-0.62477,-0.80170,-0.02951
0.63620,-0.05356,-0.87144,0.03434,0.43737,-0.35282,0.57730,0.30582,0.28714,-1.97641
-0.07248,0.37677,0.18768,0.33391,0.24750,-1.19400,0.68735,0.04012,0.34241,1.91129
1.73828,1.77574,-0.50498,0.54913,0.71535,0.63521,0.54205,0.53954,-0.35964,1.23224
0.24819,1.22979,-1.12789,-0.81119,0.09739,0.61697,-0.76619,-0.79766,0.73311,1.01072
-0.49160,-0.12769,-1.08287,-0.89170,1.50783,-0.62426,0.22753,-1.90085,-0.72966,-0.74953
0.77720,-0.20121,-0.29165,0.51318,-0.90607,-0.03396,-1.35602,0.42870,-0.31299,-1.50332
-1.01215,-0.94356,0.64948,-1.32840,-0.44626,-0.17854,0.91954,1.87274,0.63511,0.34226
-1.66314,0.14673,0.38874,-0.04310,0.45243,-0.71515,-0.18597,-1.34596,0.75877,-0.23858
-0.79704,1.91277,-0.04290,-0.78527,1.37233,-0.14156,-0.70745,-1.45108,0.74141,-1.03928
1.34101,0.62634,0.02447,0.33312,1.24339,-0.11081,0.67642,-0.73998,0.33406,-1.22583
2.44110,1.51305,0.47811,-0.02780,0.44310,-0.68360,-0.29900,-0.08559,0.42842,-0.69713
0.78291,0.79218,-1.20997,-0.06951,-0.98313,-0.28580,-1.48390,0.43118,-0.37265,2.00647
-1.64141,-0.03205,0.38191,-1.32211,-2.29451,-0.38146,0.58418,-0.11752,-1.33348,0.50186
0.74497,-0.14380,-0.23113,1.79648,-0.39252,-0.47911,-2.04988,-1.40459,0.40724,-0.65167
-0.48372,0.63457,0.34246,1.78299,0.15807,0.56041,0.34022,-0.15539,-0.23850,1.12695
1.47623,-1.40501,1.77731,-0.30930,-0.73798,-0.54724,-1.11305,-2.03210,0.77855,-0.11561
-1.32581,1.47916,0.04415,-1.86370,0.18060,1.04503,-0.75839,1.92251,1.32121,-1.22628
0.14394,0.12039,-0.48746,0.94906,0.32538,-1.08347,-0.73501,1.42214,-1.70257,-0.69743
0.88133,0.73497,-0.62023,0.26098,0.16944,0.20381,-0.78585,0.47465,-1.25715,-0.81806
-0.03726,1.88522,-1.69634,-0.12025,-0.49858,-1.32979,-0.99035,-1.05719,-0.40295,-1.36903
-1.62756,0.71435,0.88895,0.83537,-0.30820,-1.27084,-1.05543,0.23909,0.49439,1.30081
-0.61531,-2.37362,-0.06309,0.03924,0.30114,1.59146,-0.35220,0.79702,0.26590,-0.15490
-1.01753,0.71638,1.56488,-0.89950,-0.63423,0.43858,0.88526,0.24730,-1.79685,0.76202
-0.80880,0.22920,-0.49176,-1.62904,-0.31669,-0.57633,-1.63814,1.41046,-0.12926,-0.28716
-0.96297,-1.57842,-0.78613,1.08185,-0.07256,-1.14129,1.55441,-1.03121,-0.12484,0.47779
-1.24306,-0.84275,0.73679,0.31985,-0.09680,0.06377,-0.73807,-0.92742,0.32032,-0.15718
-0.07282,-0.55922,0.13574,1.26044,0.50132,-0.46430,-0.51693,0.03862,0.94482,0.35905
0.61771,-0.92293,0.86687,0.13552,0.44604,-0.58549,0.98620,0.63451,-1.60018,-0.22263
-0.24777,-0.22743,0.15641,0.33736,0.21306,0.14730,-0.73231,0.36871,0.07211,1.15516
-0.71446,0.14022,-1.55223,0.08672,1.07469,-2.13448,-0.64539,0.76826,-0.11482,1.79094
-1.12249,-1.13398,-1.42777,0.76238,-0.42236,1.15912,-0.87572,0.60494,1.38043,-0.04863
-1.41388,0.53296,-1.07763,-1.07373,0.67944,1.66454,0.39869,0.25262,0.74177,1.68827
-0.48468,-1.89393,0.36726,-1.62217,1.49356,-0.33733,-1.70676,-0.98402,-1.61084,0.49863
1.22006,0.64945,-1.18132,0.41210,0.32709,1.70955,1.04290,-1.12163,-0.84277,1.02141
-0.21228,-0.08062,0.46375,-0.75539,-0.06441,-0.28871,0.38633,0.77441,-1.02417,0.61682
-0.20728,-0.93543,0.53464,-1.66668,1.81990,0.44359,-0.24481,0.54005,1.46223,0.11736
-2.53601,-1.66533,-1.58378,1.85008,-0.74517,1.55238,0.88873,0.84073,-0.16762,0.49479
1.05371,-0.21439,-1.03148,0.50521,0.63170,0.14661,0.49063,0.00080,-1.48657,-0.85577
1.11256,-0.54768,-0.13301,-0.40628,-0.92696,0.41355,0.35109,0.93039,-0.28126,-0.25767
-1.55570,-0.21790,0.19784,-1.06271,-0.76318,-1.69665,1.97651,0.21099,0.94821,-1.41708
-0.41740,0.14326,-1.33737,0.87578,0.48383,-0.03494,-0.23564,-0.78466,-0.50799,-0.19165
-0.54047,-1.03961,0.21896,-0.37064,0.50437,-0.16026,0.97141,0.20529,2.17756,-1.84154
0.71773,0.32233,-0.34789,0.39886,-1.69383,-1.31590,0.73489,-0.43502,1.25299,-1.27864
-0.69195,1.92045,1.08498,0.25120,0.31777,1.26504,-2.17692,-1.24221,-0.11175,-0.72981
-0.92496,1.63812,-1.88775,-0.25874,0.66714,-1.64988,0.43128,1.30418,0.24975,0.03656
-0.00594,0.15306,0.63806,-0.28947,1.06084,-0.57055,1.15969,1.31224,-0.57531,-0.75549
-1.42242,0.73423,0.95591,0.36592,0.92881,2.07962,0.70443,-0.37804,-1.16449,0.25884
0.32287,0.02327,1.79623,-0.78883,-0.25151,-0.55418,-1.37950,-1.08138,0.23112,0.08253
-1.05051,0.22477,-0.34974,-0.23749,0.33351,-0.58643,-0.00408,-0.45480,0.69439,-0.36024
0.97567,0.78739,-1.11559,0.42842,0.04306,-1.05302,0.60073,-0.06648,-0.56815,-2.61108
-1.60686,1.36240,0.20685,0.38762,-1.08209,0.73247,-0.06139,1.35662,-0.92826,0.05375
-0.89505,-0.56420,-0.19237,-1.43743,2.80875,2.56205,0.73074,0.64614,-1.11392,2.39100
-0.50336,1.41449,-0.25796,-0.10259,-0.16332,0.49094,0.53586,-1.07457,-0.60909,-0.32483
0.25044,0.09442,-1.59768,-0.92455,1.14876,0.20691,0.61426,1.00893,1.77244,-0.59639
-0.14858,-0.31327,-2.33263,2.07300,-1.42287,1.04683,1.68567,-0.65190,1.74345,1.81327
1.73612,-1.30226,0.75913,-0.35285,0.69887,-0.11550,-0.08416,0.02610,1.37987,1.08173
-0.83993,-1.75346,-0.21694,-1.25128,1.16457,-0.91056,0.93126,-0.29613,0.36484,0.65513
-0.60842,1.49522,0.98161,-0.11391,0.65522,-0.59080,2.06966,-0.59683,-0.43826,-0.33090
1.44988,-0.62425,0.41436,0.77553,0.44134,-0.50706,0.37399,-0.66501,0.31876,-1.89118
-0.43875,0.38982,0.67592,0.81702,-0.83592,-0.48609,0.26854,0.98839,1.37972,-0.56254
0.62547,-0.08550,2.11658,0.28614,0.93619,-1.22382,0.54090,0.00336,-1.22693,-1.20890
0.13244,-0.14521,0.35647,0.64617,1.28531,-0.09926,-2.38424,-0.07682,0.30826,-0.14860
2.45563,1.40879,0.77491,-0.12207,0.87160,0.37459,-0.62642,1.79623,-1.08977,0.43366
1.64955,0.21941,-2.54211,0.31162,-1.26741,-0.50164,-1.22487,0.41660,-0.68954,0.80124
0.46032,0.48086,-0.15026,0.78974,-0.08376,1.97546,-1.17119,0.89711,0.95664,1.29122
-0.58059,0.93528,-1.98438,0.27970,-0.21347,0.78483,0.48686,-2.77969,0.54312,0.35771
0.26196,1.07372,-0.73249,-0.65285,-0.81295,0.84461,1.63659,0.25033,-0.68616,-0.47879
-1.90315,-0.14480,1.06682,0.87259,-0.27999,0.42228,1.31737,-0.46850,-0.15189,-1.47840
2.12495,-1.34634,-0.16720,-0.39099,-0.05895,-0.90249,-0.31595,0.97382,-1.77962,0.10122
0.57175,-1.39879,-0.58088,-0.33619,-0.41969,-0.18980,0.12167,-0.22924,0.64992,-0.20886
1.12600,-0.29712,-1.70267,1.56571,1.31364,-0.07055,-0.55732,-0.93962,-0.17344,-0.05041
-1.31609,-0.45280,0.59506,0.88009,-0.05002,0.32639,0.58914,-2.58479,0.59992,-2.02013
-0.10357,0.18932,0.96013,1.36196,0.53679,-0.36240,0.66849,-0.80284,0.16574,1.80929
0.02195,-1.31341,0.02711,0.21570,1.23978,1.27507,-0.65589,-0.71570,-3.40495,0.12652
-1.42461,-0.29965,-0.32325,-0.72557,2.47222,-0.01753,-0.61050,-1.12461,-1.71013,-0.26663
0.21840,0.58934,-0.35328,1.63249,1.18297,0.97400,0.20520,-0.28352,0.04553,0.19046
1.88470,-0.07698,-0.84155,-0.47180,-0.54194,0.09908,0.46015,-1.01784,-0.11566,-1.38746
1.26510,-0.34129,-0.30373,1.79291,-0.61223,0.89713,-0.41603,-1.43422,-0.22081,1.19422
-0.68610,0.46667,-1.67934,0.90369,-1.49811,-0.04406,-0.23773,0.85103,1.76895,-0.14965
-0.43066,-0.43324,-0.06388,-0.54194,-2.63444,-0.40183,-0.90220,0.11792,-0.81976,-0.04620
1.09713,-0.32873,0.91960,0.89692,-0.54837,-1.68719,-1.83495,1.39532,3.13553,0.49590
0.00926,1.04452,0.00764,-1.38730,0.54850,-0.06253,0.95888,-1.86246,0.22831,-2.64785
0.71811,-0.10690,0.74011,-1.55685,-0.99858,0.59363,1.49122,0.02245,0.16840,-0.77896
-1.24508,-0.87004,-1.12299,1.52725,-1.62968,-0.22703,-1.86073,1.64029,-1.52119,-0.17424
-0.98163,-1.47819,1.28241,0.24385,-0.58043,-1.08331,-0.87323,1.22141,-0.07461,-1.35043
0.29848,-0.41866,-1.43338,0.29729,-0.96010,1.31775,1.10503,0.66529,-0.02901,-0.82609
1.08944,1.99063,0.75650,-0.31714,-0.69581,0.37140,-1.18264,0.65668,-0.29136,-0.65220
-0.39233,-0.11992,0.60557,-0.54702,-1.35403,-0.09898,-1.07220,0.83854,-0.26331,-0.97041
-1.32438,0.05525,0.33800,1.16173,-0.39637,0.11322,-2.24560,-0.83455,0.40774,1.13009
-0.27585,0.54376,-0.96829,0.87833,0.87218,0.75922,-1.02765,0.15742,0.14198,0.58714
-0.22126,-0.30220,0.27088,1.24640,-0.43883,1.26793,-0.39568,-1.55060,0.91109,-1.30690
0.09497,-1.73895,0.57860,0.30898,-1.03391,0.66507,0.00274,-1.09437,0.11132,-0.14370
2.00428,0.12800,-0.66654,0.47437,1.44697,1.03554,0.27556,-0.17150,1.21931,-1.34984
-0.78350,-1.00136,-0.33179,0.21257,2.08744,1.71236,-1.34174,-1.32680,0.01400,0.58819
1.04449,-0.72321,-0.46400,-0.67253,-0.87769,-0.63065,0.22652,-0.59231,0.83983,0.15862
0.35007,2.19288,-0.35379,1.43626,0.27041,-0.37661,1.02338,0.66180,0.46772,1.03299
0.56730,1.52380,-0.32185,0.16083,0.91884,1.38859,-0.56957,0.98004,-0.43113,0.39349
-1.29065,0.29716,0.47465,1.22217,-0.08986,-0.62380,0.53589,0.23239,0.23377,-0.03585
-1.05307,-0.21349,1.87461,0.60859,-2.25352,0.79096,-1.01570,0.09036,-1.60387,-2.28599
-0.72547,-0.96564,-0.63463,-0.98773,0.00379,-0.09066,0.55489,-1.19370,-0.71724,0.39255
-0.34169,-0.22194,1.39197,0.53376,-0.01677,0.97854,-0.60158,-0.26383,-1.35726,-0.38457
0.81186,0.32951,0.05066,0.34752,0.05614,0.41418,-0.12474,-1.87910,1.62272,-1.51368
-1.26600,1.46883,0.48809,-0.33132,0.16505,0.63223,0.81055,0.81728,0.50453,-0.43623
0.77042,0.31079,1.88963,0.29230,1.20440,-0.31579,-0.74553,0.31397,-0.16799,-0.08246
0.51959,0.32219,-1.14564,-0.17157,0.09194,-1.00895,0.09725,-0.51315,-0.25836,-0.61029
-1.24978,-0.08058,-0.35878,-0.24753,0.81009,2.65743,0.52652,1.75850,1.35893,0.07734
1.08241,-0.23796,0.19430,-1.59506,-0.70372,-0.35193,0.52087,-1.11861,0.10707,-1.54768
-1.05058,-0.30003,-2.01695,-0.66347,0.85421,1.73439,0.24429,1.62703,0.36627,0.22608
1.45634,0.68911,-0.92225,-0.23980,0.08048,-0.89767,1.22779,-1.25865,0.22124,-0.89350
-1.42636,-1.16176,-1.75217,-0.49906,-0.28348,1.71859,-1.34549,-1.03904,-0.45068,-1.39911
-0.54750,0.18624,-0.36487,-0.28991,0.08221,0.09809,0.74867,-0.80583,-2.79848,0.32009
0.88431,-0.67915,2.28762,-1.02396,0.77026,-1.10351,0.15772,-1.15072,1.22517,0.01565
-0.38634,0.23588,-0.24322,-0.07924,0.98654,0.38507,-0.39407,1.41435,-0.41889,-0.06561
2.19083,-1.92705,-0.62356,0.08083,-0.84613,0.37695,-0.07793,-1.28086,-0.01402,-1.80013
0.41247,-1.84446,1.07555,-0.64889,-0.85657,0.03127,0.39398,0.13947,0.67311,-1.02808
0.07014,1.10477,0.26256,0.40870,1.78272,0.21900,-0.19577,0.18028,1.06319,-0.17541
-0.13208,0.01903,1.14734,-0.89658,-0.74671,-0.76986,0.15853,-0.16534,0.73909,-0.74498
-0.49119,0.96195,-0.50319,-0.10700,0.12271,-0.81907,-0.52824,-0.39427,0.58166,-0.73040
1.39168,-1.16430,-2.19844,1.15175,1.60618,-1.50917,-0.68032,-0.50004,-1.09246,-2.41924
1.20671,-0.00461,1.52180,0.09548,1.19874,0.05574,-0.86360,-0.32655,1.36253,0.04324
0.25586,2.24865,-1.04193,0.14829,-1.04379,-0.20832,-0.59976,-0.83890,-0.86568,1.14756
0.55809,-1.58871,-1.93738,0.53127,0.68077,-1.37382,-0.85804,-2.05584,1.86012,-1.31596
2.74083,0.39159,0.15710,-1.40595,0.27413,-1.42822,-0.33929,-0.33559,0.85762,-0.26954
0.19390,-0.14398,-0.67659,-1.48349,1.37038,0.18283,1.35614,0.44085,-0.10333,-0.14670
-0.32340,1.18767,1.14625,-1.15658,0.31732,-0.07304,0.72151,-2.23053,0.06690,-0.18642
0.99980,0.66016,-0.64866,-1.73010,0.32044,0.48941,0.98091,-0.96043,0.00664,-0.38874
0.31078,-0.78092,-1.34070,-2.67041,0.57056,-1.07102,-0.23152,0.23099,-0.25139,1.17314
-0.51121,0.39556,1.46785,-0.03956,0.76119,-0.80435,-0.19430,1.10606,1.37057,0.65575
0.57360,-1.55377,-0.08307,-1.38575,-0.88881,-1.04201,-0.14805,0.29063,-0.52061,1.02252
2.81071,-0.35577,-1.52757,-0.84038,0.26397,-1.40220,0.28252,0.24319,-0.12033,-0.49908
0.07478,-0.19075,-1.37437,1.45585,-0.41574,-0.93847,0.07723,0.03967,0.57001,-0.34875
0.65979,-0.11684,-1.89466,0.49634,-2.02013,2.48104,2.73968,-0.65640,-0.10245,0.11558
-1.33713,0.55050,-0.06850,-1.63753,0.19986,0.67470,0.02645,-1.34157,0.98301,-0.21143
-1.73435,0.03561,-0.83475,-0.36559,-0.23559,0.22090,-0.62242,0.08190,-0.66364,0.58727
0.84186,-1.09299,-0.64157,0.34546,-1.49417,-1.05087,0.29243,0.79471,0.22672,-0.03865
1.92571,0.64279,0.00086,-0.26596,-0.74382,-0.41772,1.27488,-0.24000,-0.25565,0.41718
0.25842,-0.80007,1.04509,-1.45266,1.44281,-0.09042,-0.75443,-1.14978,0.52611,0.45634
-0.94033,1.70567,0.28678,-0.69304,-0.45663,3.93936,1.33532,-1.63787,-0.51874,0.75242
-1.70015,-0.78253,-1.41592,0.04031,0.07378,-1.54103,-0.07661,-0.30014,0.19225,-0.59821
-1.14814,0.38571,-0.65915,0.25766,0.32229,0.41318,-0.96103,-2.14837,-0.14189,0.93802
-0.58527,-0.77613,1.12335,0.06326,-1.49251,-0.30355,0.12838,0.59974,1.08780,-0.14572
-1.07287,0.25585,0.29096,0.77820,0.49885,2.41782,-0.84301,-1.55821,0.28945,0.56489
-0.34723,-1.19186,1.11336,0.73765,-0.14017,0.89349,-0.22443,2.43358,-0.09929,-0.38691
0.72207,-0.61297,1.72620,0.40371,1.05665,0.00063,-0.07599,0.42173,-0.08321,1.60026
-0.57044,0.61691,0.62347,-2.19813,-0.38105,0.42601,-2.19563,-0.96343,0.44522,-0.64590
-1.54319,1.23374,0.95856,-1.66346,-0.02905,-1.27727,-0.19143,0.54566,-0.19091,-1.31418
-0.96694,0.83567,0.22515,0.73139,0.77588,0.10510,0.31032,0.54194,0.60208,-1.43132
-1.38831,0.17547,0.91003,-1.92504,-0.83973,2.83102,0.73238,-0.03294,-0.50712,0.18519
0.70693,-0.13281,-0.61838,0.02990,-1.17535,-0.15419,-0.90551,1.26767,0.42067,-0.36431
1.42486,-2.12397,-0.35518,-0.45822,1.13087,-1.12909,-0.22003,-0.88206,-0.00890,0.61376
-1.44356,1.78063,-0.50892,0.40504,-0.98409,0.85469,-1.96871,0.90976,-0.08785,2.12683
0.16837,-0.59924,-1.45273,0.18399,-0.89062,-2.64088,-0.01675,-0.28111,1.74885,-0.48253
-0.06097,-0.30978,0.55204,-0.93858,0.33915,-0.33181,-0.64076,-1.15955,0.63459,-0.54840
0.71393,0.66493,0.98835,-0.15432,-0.19896,-0.65417,1.37009,-0.91698,0.43633,0.77177
1.14441,0.81370,-1.18026,-0.33090,0.40660,-1.82225,0.45019,-0.30528,1.61606,0.63595
-1.23632,0.03619,0.58036,-0.42580,0.38021,0.13225,-0.39673,-0.06804,-0.25033,-1.91868
0.20360,0.20312,-1.47875,-1.44775,0.05233,-0.32862,-0.67615,-0.16598,-0.99898,-0.14513
-0.16203,-0.83586,0.25301,-0.90108,0.62786,1.02390,-0.76848,1.18082,-0.29401,1.18071
1.35125,0.20806,0.54093,0.12423,-0.16442,-0.34932,0.05609,0.14404,1.12382,0.37928
-0.33441,-0.46689,1.78685,-0.88670,0.26681,-2.16915,0.82253,0.50513,0.97333,-0.61888
-0.26664,0.29723,-0.34636,-0.52600,1.65327,0.96839,-0.69894,0.47599,-0.31485,2.06551
-0.48290,0.24464,1.36696,-1.02340,-1.87673,0.77255,0.68126,-0.27451,-1.13920,-2.78098
-0.79746,-1.04835,0.86725,0.87758,-2.11122,-0.62184,0.94935,2.40788,2.13650,0.96935
-0.67351,-0.24995,1.17260,-1.06619,-0.66966,-0.23817,0.24600,0.12186,-0.64079,1.42183
-1.84823,-0.19195,1.16760,0.41632,-0.11941,-0.78917,0.34360,0.71742,0.10512,1.67446
1.01499,-1.01989,0.59008,-0.09416,1.34001,-0.86213,1.63956,0.74378,0.37106,-1.71153
-0.45032,1.52142,-1.75659,-0.73175,0.34623,0.22485,0.24318,-0.03982,-0.68957,1.02118
-0.71343,1.14274,-2.55891,0.74268,0.28939,-0.23599,-0.16703,-0.26705,0.37862,-0.09640
0.44418,0.95559,0.25257,0.68751,0.17031,0.57985,0.21942,0.98159,1.03697,-0.48961
1.82892,0.98740,2.28223,-1.66955,-1.06689,-2.06683,-0.57787,0.26418,-0.90818,0.33435
-0.63742,0.63402,-0.05175,0.20856,-1.21499,0.99941,-1.97832,-2.37300,0.97840,-0.52920
-0.45338,-0.50673,0.65335,1.69242,-0.33226,0.56999,-0.40817,0.09112,1.09582,0.08636
0.07632,0.51590,-0.34728,-1.42095,-1.25230,0.10051,-0.24792,-0.65963,0.27177,-0.84514
-1.59310,2.16340,-0.26529,0.24366,0.00200,-1.31699,-2.64992,0.44030,0.16963,-1.52356
-1.27630,0.19184,-0.62202,0.13262,-0.27410,0.43534,0.62533,-0.35432,0.62852,-0.24825
1.37422,-0.68372,-1.28904,0.49782,0.25969,0.82566,0.37505,1.55332,-0.73457,0.23346
-0.94738,-0.20872,-0.52475,0.06117,-0.24480,-0.11521,1.00453,1.21855,-1.25384,-0.41894
-2.09878,0.34638,0.39699,-0.02428,1.09993,-1.26489,1.09713,-0.70777,0.68651,-0.28453
-0.19250,-1.71438,-0.58830,0.43417,0.16810,-0.36727,-1.19127,-0.43368,0.90392,-0.87529
1.06025,1.08834,-0.83581,0.07815,0.89351,-0.80130,-0.04504,1.06622,1.85015,1.18196
0.40842,-0.72628,-1.60010,-1.37739,-0.70120,-0.86102,-2.20596,0.68748,0.82610,1.21473
-0.42507,0.81782,-0.59629,1.88505,-1.28830,-1.82106,-1.74000,-0.89471,-1.19075,1.97379
-0.08744,-0.78571,-0.23903,0.18893,-1.62814,-3.31844,0.48941,-1.42330,-0.55325,0.67592
-0.35122,-1.39216,1.08898,-0.66106,-1.19500,0.93983,0.59820,-0.44080,1.38056,0.16441
0.52821,1.11933,0.30876,0.87984,0.40976,-0.17265,0.70682,0.36338,-0.34889,0.28710
-0.85959,-1.98552,0.92502,-1.17880,0.58982,-0.80854,-0.34148,1.60521,-0.69606,0.49818
-1.19753,-0.50562,1.03868,1.19640,-1.03944,-0.49675,-0.51896,-0.60984,0.78333,-0.34068
1.40576,-0.57312,0.09792,1.69023,0.96679,0.76937,1.30029,-0.60982,0.59597,1.43223
0.82890,-0.51101,-0.69784,-0.00255,-1.82703,0.12001,0.47011,-0.93232,-0.49258,-1.21249
-0.13272,-2.86943,-0.48956,-1.05516,0.69800,-0.47857,-0.38106,1.33467,-1.11947,0.35016
-0.18985,-0.09571,0.23363,-0.07795,2.19775,-0.39511,1.08829,0.68093,0.68068,-0.27785
-1.04069,-0.37882,-0.29079,-0.14243,-0.60938,1.21638,1.29097,-1.26958,-0.05392,0.43273
0.47150,-0.96883,-0.91398,-0.23227,-0.47348,-0.10188,-0.01830,-1.76814,1.51681,-0.20508
-0.66939,0.89685,2.51015,-0.32255,0.06135,-0.21431,1.32626,-0.29370,0.64023,-0.28017
-0.15846,0.26611,-0.52937,-0.37950,0.25566,-1.67331,1.01964,0.12047,1.13624,0.34576
1.15368,-2.38741,-2.66179,-1.89154,0.19681,0.18224,0.46777,0.06824,1.51269,1.59716
0.79019,-1.77104,-1.67485,0.23428,-0.01749,0.40175,0.99898,-1.11111,0.06325,1.60567
1.65494,0.17815,0.13963,-1.23962,0.69878,-0.77115,-0.87439,0.54792,0.13238,1.13307
-1.80222,-0.21218,2.21505,-0.02652,0.30380,-0.43604,0.13622,0.16984,-0.31768,0.89150
1.35561,-0.97156,-1.03018,-1.40562,0.45724,-0.70628,0.12005,0.00521,-2.51045,-0.05367
-0.12513,-0.29820,1.72289,-0.25434,-0.18005,-0.38839,2.16418,2.12105,0.93959,-0.15141
1.45729,-0.12189,-1.66378,-0.91813,-0.36626,1.46935,2.76367,-0.12119,0.27178,1.27463
0.16595,-0.07084,-0.22131,-0.31679,0.78874,-1.06821,0.91580,0.68955,0.99711,-0.30803
0.39241,-0.93993,-0.75581,1.58189,0.02843,0.17706,0.41625,0.32918,-0.66513,0.66016
1.04143,1.66532,0.67897,0.20025,0.33809,-0.17719,0.15363,-1.71024,1.91795,0.67285
0.39103,-0.60136,0.18628,1.37783,-0.50283,-0.68575,1.20864,-0.73280,0.25483,-0.27864
0.53041,1.57100,2.06841,0.25756,-0.59994,0.22609,-1.40389,-0.37220,-1.13174,0.96644
1.00191,-0.19388,-1.26967,0.75602,-0.18129,-0.12731,-2.23267,-0.44338,-0.70433,0.14741
0.13195,-0.78143,-0.69665,0.68872,-0.65657,-0.39524,-1.28447,-1.47106,0.72182,-0.17335
-0.83529,0.69851,1.34136,0.00772,0.04755,-1.85852,-0.69842,0.22375,0.23728,-1.03042
-2.16298,0.11637,0.65574,0.53626,-1.31678,-0.34070,0.64265,-1.53752,0.03493,0.24783
-1.35334,0.57501,-0.87699,-3.23265,0.65148,1.36530,2.05352,-0.40228,1.41913,-2.55921
0.48797,1.75446,-0.10460,-1.03574,-0.82897,0.70900,1.35568,1.76512,1.80931,-0.31353
0.50257,-0.56065,1.22618,0.42433,0.43357,0.61506,-0.75802,-1.28344,-0.26255,-1.56863
-0.95062,-0.26930,-0.70785,-1.12263,0.66000,0.68332,0.67837,1.09318,-0.64333,-0.07283
1.45576,-0.96986,2.15228,-0.90064,-0.43609,0.33365,-1.48282,1.53642,-1.14079,0.64459
-0.57450,-0.63892,1.21018,-0.17675,-0.34339,2.00453,0.14989,-1.23724,0.05513,-0.18315
0.18261,1.45264,1.16728,1.04817,1.22638,-1.36291,1.72081,-1.17668,-0.16739,0.73432
-1.06309,0.50668,0.44284,1.24941,0.95713,-0.06274,1.52962,0.67649,1.69558,-0.75998
0.55935,1.07625,-0.98807,-1.21199,1.81386,-1.46970,0.69276,0.43005,-1.17432,0.78873
0.83946,0.29364,-0.32373,0.53539,-0.79355,1.03205,-1.50777,-0.90755,-1.45308,-0.37599
-0.45106,-0.10038,1.75568,-0.35883,0.17475,0.76303,-0.57301,1.59177,0.68613,-0.83379
-0.84384,0.13341,-0.34492,1.25862,-1.04384,0.70162,0.41324,0.01128,-0.54404,0.59378
0.19454,-1.11815,1.78781,1.56885,0.08217,0.88534,0.24071,-1.58067,0.48942,0.81696
0.34818,1.23223,-2.22470,0.02659,-0.18329,0.03917,0.12942,1.01450,0.51695,-0.00870
1.39168,0.02162,-0.15865,-0.03879,1.18095,-1.34862,-0.23481,1.95459,0.10086,-0.48246
-0.63713,-1.80497,1.93059,-0.22611,1.19879,-1.15007,0.05461,-0.54362,-0.44772,-0.56600
1.10094,0.70799,-0.60856,-0.02315,-0.34800,-2.08630,0.13025,1.47052,1.88795,-0.17872
2.59573,0.96049,0.04142,0.36082,-0.86383,1.89197,-1.04787,-1.88337,-0.12478,0.78252
-1.64905,0.16437,-0.70343,0.75037,0.70539,-1.07749,1.03505,1.37967,0.34119,0.64082
1.12615,1.06869,-1.08200,0.28249,0.75963,0.75673,-0.24728,0.29339,-0.45353,-1.12397
-0.29913,0.49530,0.83004,2.18965,-0.98742,0.00768,0.67902,0.80260,1.84102,-0.76912
-0.54961,-0.38960,-1.08816,0.09735,-1.17917,-1.22087,-0.19079,0.51055,0.61823,-0.00847
-0.52487,-1.81111,0.67260,-0.34399,-0.54975,-1.17161,0.47240,0.21748,-1.16020,1.30428
0.54926,-1.01537,0.14495,-0.12703,-0.16110,-0.20877,0.16265,0.92182,-0.59135,-0.36676
1.34832,0.27863,0.66151,0.25793,2.97438,-1.12772,-0.83667,-0.71857,1.69267,0.51671
0.50282,-1.89165,-1.10007,-0.71623,-0.70312,0.73985,-0.62429,-0.17806,0.36062,0.37211
0.33780,-1.59419,0.08711,-0.88073,-1.52115,-0.29125,1.93784,0.80733,-0.01064,0.09498
1.77827,0.46717,1.01350,1.38713,-0.54677,1.19280,-0.88726,-0.04258,0.07424,0.88627
0.79267,0.59608,-1.03245,0.20091,-0.77406,-0.00945,1.12177,0.42681,0.00436,1.53825
0.56563,0.39247,0.57377,0.08249,-0.81857,0.25992,0.24291,0.47110,1.22698,-0.13373
-0.95648,-1.15689,0.26545,2.06476,1.78080,-0.15895,-0.47749,0.17478,-0.02602,-0.42324
0.73227,-0.05776,-1.99408,0.46821,-0.63680,-0.78317,1.37286,0.83720,-0.14457,-1.11705
0.90009,-1.82168,-0.44343,-0.52796,-0.55980,0.48368,0.87844,-1.11014,-1.03154,-1.20334
-1.21974,-0.32773,-0.34531,0.02794,-1.07232,-1.21984,1.62649,1.14471,0.85289,1.84380
0.25896,-0.65064,-1.22106,-0.92276,-0.47010,0.99141,1.29679,0.44465,-0.29357,0.45704
0.80179,-2.23518,-0.18895,0.59399,0.78932,0.70355,-0.50802,-0.41689,-0.62576,2.54132
2.25997,-0.28020,-1.87930,0.83267,0.59439,-0.46102,-0.05434,-0.18186,0.70697,0.67839
0.65058,-0.53116,-0.49408,1.13592,-1.24021,-0.27072,-0.85035,-1.74174,-0.24994,-0.47895
-0.42470,-0.31629,1.30460,-1.21061,-0.55299,0.09058,-0.11740,1.14460,-0.36055,0.37970
-0.85486,0.57325,0.68204,1.70668,-0.43468,1.76931,1.35723,-0.65212,-0.20946,0.49150
-0.06015,0.43942,0.06215,0.52594,0.68212,0.29544,-0.27307,0.81450,0.41862,2.39637
1.38370,1.33777,-1.57268,-0.67808,2.04313,-0.39070,-0.35054,0.34966,-0.69267,-0.14855
0.74277,-0.44914,-0.28902,1.09338,-1.33905,-0.88517,-0.18020,0.77443,0.20235,-1.10981
-2.10181,1.16116,-0.50508,0.58822,-1.38900,-0.05840,-0.17351,-0.90790,-1.96954,-0.01850
-1.68811,-0.53338,-0.52688,1.23412,-1.15332,-0.55438,0.43065,-1.43429,-1.34991,0.01515
-0.10852,0.67285,-0.76060,0.13133,-0.41633,-0.30831,-0.67134,-0.41289,-0.42753,0.21547
2.09996,-1.57302,0.70110,0.04657,0.79641,-1.27794,-0.41068,0.25366,-2.59133,0.78056
-1.07634,-1.03014,0.23149,-0.26676,1.60697,-1.18679,0.20345,-0.12434,-0.67182,0.59980
-0.39321,0.05532,1.54973,0.54099,0.15366,0.14090,0.34782,-0.65937,-0.11055,1.42392
0.61724,-0.02327,0.09835,-1.25380,-0.05420,-0.02579,1.24962,0.04841,-0.17981,0.08546
-0.13197,-2.66844,0.61116,1.62218,0.51277,-0.56636,0.71285,-1.90183,0.62706,-0.76711
-0.01237,0.72306,1.59018,-2.96550,0.26582,1.69225,-1.31295,-0.11766,0.65152,-0.35293
0.42254,1.56196,-0.20895,-2.34026,-0.39329,-1.26122,-0.08230,-0.48839,0.16085,-1.71086
-2.14934,-2.22063,-0.78532,-0.80284,-0.91252,1.85921,0.95996,0.90297,-0.77065,0.87381
-0.93341,-0.01655,-0.33299,-0.13057,1.83164,0.63358,1.33318,-0.62679,1.58116,0.01529
0.89668,0.39123,0.84703,0.86153,-0.19357,0.89569,2.17863,1.98414,0.72568,1.70756
-0.83060,-0.15308,-0.16726,-1.55503,-0.46509,0.85513,-1.16574,2.07134,1.28806,-0.42537
-0.37838,-0.03223,0.30417,-1.08075,0.96013,1.72947,1.09702,0.72216,0.30064,-0.50863
-1.94533,1.70483,-0.71291,0.80116,-0.61298,-1.60581,1.46753,-0.62087,0.37789,0.88903
0.05216,-1.03931,-0.49445,1.09705,1.58457,-0.33857,-0.31432,-0.76530,-1.60849,0.40572
0.15792,-0.02656,-0.07655,0.27003,-2.10555,2.02469,-0.35464,-1.43636,0.06164,-1.22237
-0.03758,-0.32366,-0.45887,0.03772,1.37683,-0.74468,0.21486,-0.28880,-0.80858,0.29945
-0.66786,-0.16751,1.22166,-1.02959,1.33699,0.82832,0.67568,-0.38986,1.64960,-0.52678
-0.41571,-0.01005,-0.31890,0.41679,2.25120,-0.09308,2.27561,-0.61715,-0.38870,1.26656
-1.49467,0.10509,0.16572,0.81495,0.03216,-2.17049,-0.43913,-1.41121,0.02593,-0.37197
0.69897,-0.61213,-0.19565,0.93723,1.78037,1.32873,0.60130,1.55507,0.44733,0.49614
0.50997,0.71241,-0.04832,-1.15583,1.25818,1.04512,2.56203,0.06050,-0.03067,0.99236
-0.22611,0.69437,1.02577,-0.44025,-2.79932,-0.94367,-1.27709,0.57291,2.02773,0.37633
0.28144,-0.15061,0.63854,-0.86324,1.59418,-0.22650,-0.91176,1.29786,1.32970,-0.05275
0.03892,0.52875,-1.35676,0.77354,0.14712,0.38823,0.37272,0.50309,1.08830,0.88872
-0.83420,0.17975,0.07878,0.92175,-0.56169,-1.24620,-1.10651,0.34026,-0.52309,-0.54781
0.33441,0.64264,-0.76443,0.02251,0.60179,0.59632,0.28119,1.57523,-1.03102,2.01650
1.49763,1.29461,0.42252,0.17467,0.35643,0.07396,-0.13411,-1.00534,0.22763,-0.41031
-0.57384,1.03947,-0.84497,-0.12502,1.72667,0.76886,0.35383,-1.21762,-0.82377,0.77727
0.10712,0.96532,-0.12591,-1.02284,-0.21137,-1.12019,0.98255,1.07501,-1.37385,-1.25515
-0.58710,0.37724,0.19575,1.63622,-0.41959,-0.42928,-0.38297,-0.66865,-1.50841,1.44356
1.47610,-0.14841,-1.54787,-0.72529,0.84618,-1.35121,-0.15848,-0.45356,1.12220,1.11592
-0.24767,0.90384,-0.19053,0.62314,-0.09356,-0.17604,1.25189,-0.75665,-0.33992,-1.24373
0.60480,0.90294,-0.62130,1.93341,1.77806,1.18999,1.04277,-0.53173,0.38314,1.56720
1.08285,0.01342,-1.02356,-0.49759,1.08102,-0.87727,0.20489,-0.42374,1.40959,0.71093
-0.30514,-0.82522,-0.39993,-0.63326,1.79823,-0.87497,-1.22559,-0.62872,1.05548,-1.88452
-1.03480,0.46113,-1.21697,0.91834,0.33013,-0.66897,0.33986,1.57932,-1.05422,1.71661
-0.59216,-1.10567,0.10181,-0.63773,2.36352,0.27968,1.14236,-0.23086,-0.38368,0.00594
-0.03444,-0.41313,-0.55225,-0.03907,0.94969,1.16030,0.74591,0.27929,1.02524,0.21883
-0.64955,0.95009,-0.22186,-1.24875,0.44849,1.48929,2.22086,-1.85868,-0.57274,-0.26713
-0.06914,0.53041,0.33025,-0.88162,1.17551,0.14586,-0.27076,-0.15343,0.90368,0.60571
0.13825,-0.59192,-0.39301,-0.10974,-1.43714,-0.22475,0.50433,1.11076,0.54980,1.98787
-0.01576,1.70215,-0.49868,1.72219,-0.55903,0.03067,-1.23142,-0.04188,-0.26234,-1.06214
1.58255,-0.84495,-0.28407,0.30997,-0.26504,-0.38762,0.66055,-0.35955,-1.87137,0.39492
0.47705,0.96584,-0.66806,-0.47628,-0.91175,-0.46193,1.07185,-1.27423,2.00925,-1.35623
-1.09647,1.96259,0.39020,0.73334,-0.58479,-0.39803,0.33062,0.02358,-1.45581,0.11631
0.38539,0.37713,-0.25465,1.36461,0.34691,0.04233,2.11722,-2.07456,-0.68939,0.88340
-1.60422,0.03220,-0.89216,-1.90716,0.22605,-0.04634,-1.15373,-0.53252,-0.80588,-1.27204
1.66231,0.12790,1.05886,-0.18375,-1.17157,0.83474,-0.68685,-1.32110,-0.47529,0.66213
-1.27622,-0.82131,0.22295,1.30701,1.13549,1.94585,1.15681,1.48243,-0.75998,-0.96733
-0.24230,0.67949,0.44266,0.13423,0.45555,0.20872,-0.94369,0.52066,-0.70175,1.57210
1.48125,-0.14719,0.35074,1.11639,0.54454,-1.26048,3.67241,0.88817,0.85358,-1.02373
-0.14801,0.17201,-2.31490,-2.99335,0.40206,-1.19805,0.79201,-0.96674,-1.64753,-0.11393
-0.24469,0.02272,-0.10532,-0.83221,0.53827,0.42401,0.16365,0.08536,0.03799,1.35006
-0.18836,-0.51885,0.05762,-0.56596,-0.42783,2.10293,-0.03527,1.69421,-1.07438,0.78410
0.25547,-0.19179,0.79243,-0.53846,0.40390,-1.51942,-0.38338,-1.29117,-0.47570,-0.07418
1.23397,2.28327,-0.21496,1.12222,-0.92272,0.29910,0.61431,-0.45743,-0.59095,0.66338
-0.21669,-0.82449,-0.60664,-1.72626,2.11275,-0.00556,2.40889,-0.08167,-1.69878,1.88019
-0.80380,-0.10686,1.70708,0.58604,-0.75963,0.00430,-0.86587,0.15299,-1.10620,-0.30061
-1.86007,0.89166,0.46656,-0.77108,-0.08627,-0.73673,-0.18470,0.24167,0.30750,-0.45960
-0.52173,-0.33986,-0.03301,-1.47266,-0.82655,0.72922,0.59324,-0.44898,1.79067,-1.25659
-0.79481,0.74287,-0.63775,0.68152,0.04471,-0.87271,-0.11980,2.09926,0.01260,-0.74341
-0.21195,-1.81110,-0.17975,0.67986,0.78507,-0.48000,0.50808,-0.25538,0.31199,0.96351
0.85564,-1.20411,-0.45769,0.96846,-0.59566,-2.06189,-0.85366,-0.50199,0.16505,1.09311
0.52361,0.79253,-0.28600,0.01440,-0.62997,0.59818,0.75096,0.68191,-1.18149,1.35578
0.87491,0.13700,2.54844,-0.50990,0.81087,1.05452,0.82082,-2.18143,0.64464,1.63141
0.14454,-0.49333,-0.33667,-0.33279,0.32727,0.71275,-0.62590,0.16660,-0.23611,-0.83884
0.28064,1.04967,0.06437,0.00745,-0.73480,-0.35905,-0.51541,1.69172,0.19290,-0.95324
1.19136,2.08480,-1.05631,0.47749,-0.39965,-0.56637,0.24828,0.85204,-1.36984,1.07783
1.27993,-1.68931,0.44901,0.90778,-0.78005,-0.30555,-1.21660,-0.78701,-1.08480,1.09778
-0.14687,-0.01969,-0.91974,-1.37776,-0.43589,-0.23038,1.47404,0.10352,-0.05621,0.72817
1.02590,-1.76802,1.63449,1.34685,0.06787,0.70368,0.58091,-0.74201,0.11572,0.80723
0.79328,-0.05273,0.20009,0.37930,0.65353,-1.35519,-0.38656,0.11180,-2.30727,-2.18077
-2.29837,-1.51883,-0.43526,1.34811,-0.91005,0.53717,0.50918,0.92728,-0.64342,1.22079
-0.27357,1.40787,0.40937,-0.49533,1.01000,0.23969,-1.51720,0.61713,0.25326,-1.80220
0.82454,0.11798,0.15592,-0.26192,0.01581,1.42080,1.39737,-1.50208,0.08947,-1.15595
-0.79314,-1.32840,-0.74853,-0.27734,1.07853,0.17821,-1.38176,0.42853,0.11976,-0.46216
-0.56810,1.73035,-0.90588,-0.11584,-1.46035,0.81331,-0.16263,0.17846,0.79755,1.04655
-0.54834,-0.33668,1.51043,1.14032,0.57214,-1.56409,-0.34424,-0.61945,1.15080,-0.21686
-1.00415,1.26347,-0.92897,0.52340,0.14138,-0.38677,0.59603,1.38540,0.14582,0.28784
0.25208,1.11184,1.23818,-0.08485,1.71253,-0.01677,1.49655,0.62252,0.70788,-0.18688
-0.70695,0.02051,0.27795,-0.16358,-0.92705,1.53744,-1.26467,0.85768,0.00313,-0.76908
1.02295,1.16551,0.71525,0.56161,-0.13880,4.23948,-0.32173,0.53557,0.98679,-0.48197
-0.52752,0.07014,0.00090,0.78950,0.42433,0.36947,-1.37736,1.02505,2.03093,-0.76056
-1.19371,1.41078,-0.60701,2.04920,0.13655,1.35758,-0.10520,0.95227,1.04898,0.20289
2.03479,-1.04211,0.85279,0.08788,-0.79646,0.95670,0.72075,-1.04161,0.56523,-1.27847
0.11499,1.07891,0.04438,-1.79992,0.84464,-1.11920,1.31135,0.46695,-0.62541,0.02161
0.17989,-0.76556,0.69078,-0.82101,1.85546,0.82672,-1.34737,1.74480,-0.28313,-0.68391
1.57862,0.49013,1.53567,0.03615,-1.17821,2.58759,-0.60390,-0.20555,-0.76464,-0.16488
0.97605,0.91575,-0.22717,0.73343,-0.66960,-0.53988,0.11793,-0.19697,-0.50853,-0.62942
1.26508,-0.02684,0.93186,1.63637,-1.18437,0.76886,-1.14530,-1.50895,1.56081,1.16110
-1.36162,-1.33536,-0.81812,-0.10258,0.48076,-0.03452,-0.45749,1.23329,-1.04595,-0.23999
1.97353,0.57596,-1.03533,0.97450,2.04274,1.35748,-0.64383,-0.66261,-0.42888,-1.00239
-0.21622,0.21535,0.40611,0.83866,-0.91203,-0.42077,0.99365,0.38343,0.40445,1.15104
0.24428,0.06452,-0.71621,0.49083,-0.68690,0.65524,0.83468,0.50743,-0.26123,0.01007
1.49877,-0.02304,1.26906,-0.51326,0.59740,-0.68875,-1.02045,-0.70920,-0.09854,-0.18007
0.13397,0.70211,0.33777,1.59637,-1.31902,-1.00578,0.37740,2.75933,-0.67729,0.58527
-0.71382,-0.42734,-0.72180,-0.92022,-0.64007,0.00942,-1.19155,0.22610,1.63728,0.77145
-0.37756,0.88487,0.38834,-1.36101,0.24617,0.82584,0.50100,0.49129,-0.53063,-0.40320
-0.36957,-0.25811,-2.83849,1.86767,0.37792,-1.07118,2.06626,0.57604,0.38526,-0.56460
0.47406,0.87867,-0.66033,-0.26587,0.39523,-0.62808,-0.56871,0.34311,-0.48843,-0.56964
-0.63924,0.63196,-1.19545,0.21749,-0.65098,1.78341,-1.99466,-0.32972,-0.14388,1.11764
-0.18171,2.40367,0.73526,-0.03172,0.31446,-1.16972,0.71004,0.23932,0.88981,-0.96617
1.12313,1.50840,1.82128,-1.08859,-0.35082,0.80557,0.92750,-0.43144,0.76816,0.09286
1.45840,0.66630,0.57117,-1.54641,0.61346,2.42460,-0.89615,-1.02320,-0.27031,1.04797
1.64165,-0.89680,1.71910,-0.13422,-0.37945,1.58543,-1.52016,0.64432,0.00667,0.99790
1.33671,-0.56061,0.74739,-1.31291,-0.53276,0.35879,2.18632,0.73774,0.22681,-0.13189
-1.20035,-0.10028,-0.87091,-0.00875,1.16683,-0.33268,-0.78000,0.72910,-1.07091,0.33305
-2.68807,0.38200,1.16586,2.85881,-0.90823,1.38134,0.04104,-0.05992,1.18058,-0.36654
0.31337,0.10176,0.32588,0.45288,-0.45418,-0.36384,-0.72489,-0.63392,1.86445,0.81393
-1.01647,-1.13379,0.10323,1.15272,-1.66345,0.55154,0.48761,0.83051,-0.39337,0.51815
-0.21159,0.53775,0.15841,-0.02653,-0.39111,0.16068,-2.13294,-0.45411,-1.88769,0.30366
1.03292,-0.36623,0.43329,2.35662,-0.42073,1.72753,-1.60230,1.25785,0.30341,-1.03209
1.03167,-0.72565,0.12677,-1.50342,0.11015,1.65085,0.14935,0.93188,1.19422,0.17227
-0.30677,2.07479,1.73815,-0.13422,-2.34943,-1.83874,-0.84253,1.10426,0.26390,-2.03752
1.79600,0.16838,0.81272,-0.73028,0.20067,0.68976,0.34651,-0.54515,1.60759,0.20771
-0.70116,0.68004,-0.75908,0.49575,1.29954,1.45758,-0.14696,-0.77624,0.25481,0.37651
-0.12430,-0.19384,-1.64366,-1.85595,-0.54325,0.75564,-0.24499,-0.75114,0.90246,-2.56356
1.30381,0.64186,0.87486,0.38569,-1.05147,0.48367,-0.67228,2.04851,0.00573,-0.65282
-0.61491,-1.69705,0.33663,-0.54399,0.61889,-0.18905,-1.32463,0.21327,1.63114,-1.24546
0.46788,0.90287,-0.38558,0.53886,-0.70573,-0.59703,-1.15404,-0.42088,-0.82433,-0.53364
0.59558,0.55035,-1.33107,1.98523,0.49401,-0.57476,-0.29494,0.01377,-1.57004,-0.42674
1.74516,0.00989,1.09592,-0.43987,0.78362,-0.40944,0.49313,0.93221,-1.29217,-0.62321
-1.69692,-0.70588,1.53860,1.95497,0.18253,-0.03198,0.43108,0.28848,2.24050,-0.96412
-0.25771,-0.02474,-1.48905,-0.39335,-0.65573,-0.79980,0.21508,-1.23018,-0.59752,-0.69305
-0.82403,1.28591,-0.40210,0.00303,-0.82374,-1.06446,1.82526,1.87684,0.24924,0.86287
-0.25495,-0.62763,-0.04907,0.04699,-0.52698,0.91117,-3.18451,1.07879,0.28713,-1.99846
0.80314,1.55155,0.73158,0.81310,-0.84221,-0.88604,-1.52423,1.22024,-0.31053,1.42292
0.25117,0.14111,0.72708,-1.43712,1.01290,0.96090,-0.56174,-0.29805,-0.50834,1.74571
0.58937,-2.16041,-0.23822,-0.75788,-1.00727,0.27179,-0.85734,-1.09103,-0.64575,-1.49306
0.27115,-0.46084,0.77893,-0.29341,-0.22859,-1.36638,0.27416,1.10391,0.97415,-2.95043
-1.81901,0.00040,-1.91054,0.78641,0.49645,0.95329,-0.42994,0.33559,0.13194,-1.28539
-1.81747,-0.67648,-1.43956,-0.56501,-0.33132,-1.51853,1.09890,1.26259,-0.77158,0.71051
-0.30055,1.13916,1.74217,-0.06588,0.30768,-0.15394,0.86495,1.48692,0.89905,-1.03599
-0.47733,-0.85997,0.91392,-1.48736,0.88596,0.50775,0.53919,-0.69307,0.43188,1.77041
0.56942,1.54259,0.01959,-0.06901,1.39801,-1.20183,0.98463,0.99509,0.61658,-0.57511
1.04297,-0.05126,-0.03422,-1.17336,-0.96273,0.59548,-0.14164,0.05107,0.61066,0.55337
-0.25417,1.62295,-0.40783,-0.82481,2.03434,0.07861,-0.53540,0.34142,-0.03439,-0.38845
-0.71347,0.23559,-0.29554,-1.17584,-0.79075,0.57229,-0.08940,-2.45130,0.48984,-0.27798
-0.19724,0.16802,-0.28727,-0.21462,-0.63089,0.29393,-0.02788,-1.48156,-0.29681,-0.81087
0.31237,-0.05652,-0.43312,0.60903,-0.58754,-1.00471,-1.76115,2.80390,-1.14961,0.45291
-0.24136,0.33905,-0.30107,-0.85338,-0.84195,-0.96732,-0.54433,-0.24168,0.34326,-1.07787
0.06675,-1.50846,-1.87640,0.26620,-1.72428,-0.81709,0.98409,0.32301,-0.91685,0.02171
-0.01847,-1.10246,0.53696,0.92637,1.17286,-1.02039,-0.94085,0.89382,0.90391,-1.99369
-0.36849,-1.04281,1.01923,0.53619,-0.04952,-0.09082,0.42011,1.75135,0.83450,-0.46700
-0.53801,0.29666,-0.28672,0.91826,-0.00599,0.87992,-0.43272,-1.58771,0.44641,-0.13940
0.80924,-0.03669,-1.50838,-0.69045,1.19309,0.05598,0.79690,0.91445,1.04104,0.38333
-1.54235,-0.79997,-0.81273,0.71227,-0.29475,-0.17488,-0.20410,1.08534,1.61317,0.45950
0.63242,-1.36018,0.97812,0.80117,1.38626,-0.59387,0.14872,0.84766,0.27162,-0.38600
-1.51566,0.41885,-2.13014,1.08708,-1.36485,0.05465,0.44271,-0.64183,1.13128,-1.32109
-0.54428,-0.89898,1.23020,0.16810,-0.07144,-0.04950,0.73125,-0.22231,-0.55910,-0.26525
0.51382,0.95804,-2.09711,-1.28127,-0.31460,0.53413,-1.11485,-0.31637,-1.04967,0.55270
0.36335,-1.88302,1.14194,-0.11319,0.88761,0.22150,0.77783,-0.10901,0.70463,-1.45848
0.46876,1.34442,-0.06754,-1.50015,-0.46115,-1.53529,0.38315,0.33084,-0.48084,1.48737
1.14862,1.56362,2.02836,0.61375,0.45088,0.59659,-0.13044,0.02388,-0.03253,-0.45828
0.91226,-0.93239,0.20609,1.01137,-0.34792,-1.36074,0.02053,1.58034,-0.98094,-0.06782
0.92901,0.27532,0.65221,0.28950,0.04573,1.73372,0.51802,0.49536,-1.97823,0.00023
-0.83564,-0.72940,0.58735,-0.00352,0.71922,-0.62766,-0.03592,-0.50620,-1.06218,-0.94076
-0.04683,1.27715,0.65058,0.87710,-0.50842,0.72729,1.72627,1.73778,0.77490,1.60449
-1.82732,1.03513,2.07554,-0.27401,0.15700,-0.59366,0.76716,0.65135,0.55126,-1.15398
0.57347,-1.02411,-1.17584,0.87105,-0.21720,-0.32061,0.89904,0.44332,1.13184,-1.92077
0.65302,1.17833,0.13482,0.16009,-1.75018,-0.78562,-0.68295,-0.15755,-1.47663,-1.25198
0.56252,-0.12029,-0.12747,1.52993,-1.41034,-0.86450,-0.85741,-0.17289,0.49256,0.10458
-2.06085,0.47090,1.53555,2.30067,1.55142,-0.88920,1.16564,1.10830,-2.07482,0.88955
-0.55659,-0.66594,0.06855,-0.98247,-0.42932,1.07050,0.22401,0.57241,0.90063,0.78702
-0.52558,-0.46438,2.09826,-0.87273,-0.31061,1.83156,-0.66701,-0.17836,-2.36559,1.79954
1.17299,1.11534,0.81405,-0.17653,1.14375,-0.02937,0.43706,1.02241,0.77128,1.80907
-1.15124,-0.25389,0.34581,0.18368,-0.19006,-1.81238,-0.94470,1.22671,0.04491,-0.94895
1.58596,-0.64664,-0.56199,-1.14841,0.86757,-2.38742,1.75127,-0.76584,0.27282,-0.21041
-0.72024,0.82751,0.68414,-1.59342,2.78437,0.60911,-0.06172,-0.13483,1.90002,0.37265
1.97374,-1.24508,0.52984,0.03983,0.49663,-2.25010,1.63116,-1.44413,0.55786,-0.00924
1.29074,0.78454,2.03906,1.66451,0.36711,-0.22476,-0.06939,0.25031,-1.00837,0.38451
-1.87450,-1.34076,0.06354,-1.12476,0.76440,-0.81198,-0.57491,0.20320,-2.26858,-0.28029
0.38115,-0.49199,-0.26666,0.66330,-0.97639,0.62317,0.11567,0.16804,0.50999,-1.43558
-0.39741,-1.38158,-2.07743,-0.73559,-1.12471,-0.42281,0.04778,-0.74647,-1.14334,0.32380
0.27446,-0.83945,-2.20280,0.33396,-0.57066,-0.65655,-0.78851,1.96962,-0.64434,0.36022
-0.80976,-1.26497,-2.03445,-0.13124,1.90144,0.52312,-0.12472,-1.52257,-0.73160,0.04145
-0.99793,0.15274,0.46196,-1.47132,-0.49399,-0.36399,0.23039,-0.26695,0.40110,0.13372
0.42549,-0.02179,0.76041,-0.54615,-0.29755,1.14360,-1.27040,1.79621,1.21479,0.33747
0.96242,0.57453,-0.29325,1.18987,1.29602,0.37925,0.41219,-0.11395,1.80402,0.21567
-1.42824,-0.19195,0.19158,0.81543,0.97772,0.64697,1.10774,0.27458,-1.37294,-0.08009
0.59578,0.14341,0.25898,-0.01504,1.61963,-0.39806,-0.24831,-0.00009,0.22868,-1.70971
0.74088,1.04121,1.43510,0.35888,-1.36646,-1.45341,-0.49173,1.81876,-0.45645,0.39213
-0.47462,0.06135,0.25854,0.71419,0.12926,-0.91029,0.86555,-0.79230,0.49250,1.82082
0.38965,-0.11555,0.45353,-1.95622,-1.05885,0.81710,-0.00920,-1.28036,0.61832,1.02583
0.22726,-0.75218,1.20011,1.03734,0.09135,-1.08023,-0.04337,0.39780,1.13114,-0.42327
1.14798,-0.98753,0.50845,-0.37803,1.01245,-0.10954,1.04542,-1.29658,-1.40881,0.66387
0.41654,1.65904,1.88819,1.48412,0.15859,0.13033,-0.22432,-0.51762,-0.21871,-1.36082
-1.86295,0.23390,-0.93409,0.91637,-0.73512,0.24583,-0.19192,0.60130,-0.04837,-0.40630
0.57784,0.47265,-0.20142,-0.46638,-0.83594,0.94495,-0.23527,0.28969,-0.52754,1.35237
-0.88131,-0.19998,-1.17778,-1.20271,0.59177,0.24421,-1.10197,1.17392,-0.62773,0.28331
-0.67180,1.11782,-0.38845,0.48245,0.16146,-0.22229,-1.57375,-1.18583,-0.25531,-1.61955
-1.59220,0.73940,-1.05268,1.02471,0.82069,0.13710,-0.52186,-0.30902,0.83227,0.06472
0.33488,0.06856,-0.92025,-1.45221,0.56018,-1.21215,-0.35592,0.74558,-0.40235,-0.80449
-0.67564,0.93699,0.60208,0.36978,-2.18441,-1.67564,0.02833,-1.66911,-0.05700,-0.57345
-0.39684,0.61063,-0.16108,0.65746,1.19164,-1.13706,0.21396,-1.42181,2.62973,-0.12671
-0.23534,0.50378,-0.69381,-0.63004,0.09881,0.54078,-0.47864,0.78613,-0.12316,-0.62971
0.01449,1.09855,0.50625,-1.08541,0.08446,-1.10426,0.08687,1.16334,0.83092,0.72888
0.18973,-0.90540,0.86206,-1.57546,0.48883,-0.70650,-0.01098,-0.85603,-0.08718,-0.93602
-0.77277,-0.38880,0.20486,1.40610,-0.68461,-0.71940,-0.93984,-1.09720,-1.61368,-0.80651
0.27106,-0.38194,-1.17948,-0.42344,-0.18645,0.63698,0.81990,0.92020,0.23877,0.91317
-0.52286,-0.22529,-1.53025,-0.84590,-0.43582,-0.87797,2.08782,-0.01641,-0.17179,-1.81050
0.04474,1.00731,-1.59602,-0.68703,-0.11822,-0.74022,0.50340,-0.00347,0.27508,-0.68167
-0.77001,-0.01863,-0.94892,-0.91680,-0.34791,0.16930,-0.11998,0.27742,0.34286,0.77176
-0.12378,-0.48547,0.61673,-0.58500,-0.33251,2.31908,-0.62353,0.28588,-0.87150,1.05428
-1.45085,-1.18461,-0.19979,0.51509,-0.01459,-0.06559,-0.71142,0.06679,0.75823,1.12967
-1.99350,-0.88992,-0.27194,-0.43730,-0.17667,-1.94910,-0.68522,-0.12666,-0.75171,0.17645
-1.77835,1.25588,-0.85889,-0.92290,-0.79309,1.25645,0.22108,-0.17904,0.95954,-2.35871
-1.06564,0.58659,0.59795,-0.10922,0.63832,1.16766,-0.49688,0.73605,-0.41871,0.56514
0.92332,-0.47128,0.15779,1.48425,-0.37901,0.07432,-1.40167,0.84249,0.91204,-0.07328
-0.41813,-0.69750,-0.27993,-1.73631,1.75497,-1.70811,-1.18859,0.55847,2.80226,0.46439
-1.76549,0.67834,0.48742,-0.83547,-0.53757,-0.68934,0.19151,0.91298,-1.62402,0.51069
-1.10014,0.71732,-0.07049,-0.30263,-0.15772,0.54807,-0.65281,0.50097,-0.98384,-0.36677
1.03449,-0.23660,0.90882,1.74243,0.15597,-1.46341,-0.36857,0.63116,1.18957,-1.08632
-1.71476,-0.52887,-0.17159,0.47399,-1.73878,-0.76707,0.03737,0.09925,1.53754,-0.66748
-0.81226,1.22552,-0.09078,1.37822,-0.45006,0.04991,-1.42946,1.29026,-0.42088,-1.43430
-0.90212,-1.13393,1.11392,-0.30529,1.49561,-1.13063,0.48679,0.29311,2.03791,-1.86179
0.33834,0.58090,-1.69324,-1.10581,0.84349,0.49394,-0.72118,-1.32648,0.31842,-0.37849
0.74745,0.91610,1.65208,-0.22048,-0.29107,0.07839,-0.99608,-1.86672,0.20516,1.34989
-0.88081,-0.46931,1.62588,1.38802,-1.96945,0.02379,-1.16299,0.52969,1.79235,-0.47595
1.12159,-0.06049,0.12459,-1.05259,-1.48896,2.20257,-0.10669,1.56778,-0.21845,-0.76828
1.22990,-0.32410,0.51623,0.38345,1.33733,-0.23841,-0.30753,-0.29562,-0.53060,-0.55044
-1.10337,-2.22609,0.55094,0.77263,-0.50807,-0.64057,0.96160,0.84223,0.92091,0.29544
2.02431,-1.52321,-0.86553,-0.95566,-0.25532,1.72208,-0.02901,-0.69958,0.58093,-0.55747
-0.27358,-1.02004,1.82142,1.34407,-1.17270,0.87430,0.37627,-0.07820,-1.22460,-1.36069
-0.90011,-0.67427,0.82885,1.88593,0.48286,-0.68425,1.22040,-1.64340,-0.90704,1.29536
-0.81797,1.64304,-0.92678,-0.43876,1.66867,-0.40470,-1.56267,-0.81504,-0.77004,0.93327
-0.94332,-0.25248,0.54619,-0.08712,0.42492,-0.76554,1.35599,0.37749,0.34352,0.06678
-0.17315,-2.01342,0.18271,0.03497,0.14733,-1.40547,0.20322,1.66302,0.65595,0.83799
-1.32457,-0.70024,-1.01582,-0.56595,0.23488,-0.27711,-0.50177,0.20410,-0.45630,0.73609
-0.52136,2.70383,-0.64503,-0.89270,-0.43680,-0.69411,0.22982,-0.07836,0.32865,-1.08282
-0.68621,-1.30378,-0.14232,-2.64981,0.83381,0.53698,-0.11816,-0.69412,-1.89213,-1.67127
0.80841,1.61236,-0.60778,-0.85113,1.05088,0.32504,-1.46082,-0.42857,1.15630,-1.04670
1.67072,-1.60927,0.56329,0.28842,1.34104,-1.00047,-1.14287,-0.70339,-0.90397,-0.26203
0.00553,-0.89360,-0.34008,-0.10225,-0.76545,2.74140,0.18701,1.03425,1.64335,2.02162
0.01349,-1.73242,0.86180,0.88450,1.83180,-0.27475,-0.85951,0.10343,-0.34152,-1.12287
1.08854,0.28871,1.36478,-0.73602,2.99214,0.88616,0.63030,-0.05845,-0.79028,-0.82286
0.31108,0.12971,-0.30947,-0.94608,0.37762,0.54723,-1.30900,-0.68439,-0.06493,0.38549
-0.78726,-0.74417,-0.08682,0.09016,-0.50663,-0.47867,-0.73336,-1.75829,-0.34079,-0.83081
0.08019,-0.77576,1.20747,-2.25121,-1.96435,-0.65921,-0.18740,-0.93727,-0.88943,0.46098
0.41067,-0.43002,2.31666,-1.91544,-0.81955,0.20088,-0.78641,-0.44245,-0.45249,-0.35070
-1.10910,-1.06079,-0.09916,-0.11459,1.82954,1.27769,0.33539,-1.51622,0.18771,0.31891
-0.11143,1.23351,0.11944,0.10872,0.59318,-1.06342,0.88742,1.28760,-0.58049,-0.06979
1.95056,1.30294,-0.62621,-0.02370,2.44972,-1.83992,0.36417,1.98841,0.09959,-0.50948
0.24954,2.41196,-1.06903,1.16752,-0.63702,0.53777,-0.80187,0.51589,1.09087,-1.46400
-0.72554,-0.03159,-0.37844,-1.18522,-1.11006,0.78450,0.50906,3.37809,0.98745,-0.72059
0.79998,0.60645,0.64863,0.84033,-0.82410,-0.69282,-0.28496,-0.89541,0.20222,-0.62021
0.04393,-1.17806,-0.06247,0.30597,-1.61128,-1.68789,0.27480,1.21574,-0.20164,-0.96736
0.74821,-0.69237,0.57906,0.48486,0.99728,-0.28786,-1.97565,0.45555,1.67271,1.59726
0.29473,0.42258,0.80319,1.04458,-1.05759,-0.09554,0.77438,-0.16025,0.19801,0.25951
0.94415,-0.17678,0.06123,-0.03413,1.53213,-1.13788,-0.09692,-1.47871,0.82063,0.51932
-0.23956,-0.44945,0.02420,-1.51687,1.18002,1.66228,-0.26786,-0.25732,-0.46352,0.03427
-0.42303,-0.73659,1.56787,-0.84055,-0.13721,0.95593,-0.78401,0.41809,-0.17379,-0.87679
0.17349,1.04116,0.23092,-0.22341,0.67440,2.08491,-0.62926,0.23331,-0.01467,-2.22597
1.74506,-0.55438,-0.51181,1.75536,-0.00041,0.29677,-0.01236,-0.24121,-1.57307,1.96994
-1.18975,0.51905,0.35121,1.48406,-1.74936,-0.56290,-2.34720,0.41489,-1.08576,2.23578
-0.26773,2.04179,-0.95146,0.57422,-1.15876,0.84345,-0.59581,-1.22003,1.99657,0.13414
0.30478,-2.30114,-0.09790,-0.92774,-0.28945,1.59257,-1.57734,-0.72157,-1.31978,-0.01526
0.63950,1.56973,0.12772,0.22893,-0.43573,0.25006,1.60481,0.03209,-0.06489,-1.81740
2.10528,-1.71233,-0.47048,-0.21253,1.48132,-0.70154,0.33489,-1.10138,0.74390,1.02323
0.03019,-0.01734,1.86350,1.78393,-1.15825,-0.81350,-1.54505,-0.39499,-0.18187,-0.68786
0.96839,-1.36370,0.07966,-0.57330,-2.13920,-0.87072,-0.52979,0.24751,-0.72493,-0.44795
0.87341,0.12887,-0.18307,0.94012,0.54758,-1.23861,1.40888,0.99283,0.05378,0.18480
-0.40130,0.24710,-0.80317,0.72489,-0.21389,-0.11623,-0.35850,-0.73467,0.56297,-0.04434
0.53700,-0.27808,-0.82122,1.91992,-1.29666,-0.02278,-0.45390,0.56431,0.01766,-0.40880
0.20202,-0.89431,-0.00950,-2.78887,-1.02816,0.57650,-0.36206,-2.22262,-1.57514,0.83003
-1.33200,-0.26929,-0.04036,0.59439,0.11700,0.35916,0.48618,-0.02464,0.31791,-0.93373
0.13580,1.75447,0.08705,1.78862,-0.92315,-1.47955,-0.70602,-0.98076,-0.17673,0.31036
0.86091,1.33073,0.25695,-0.29147,-0.93626,1.15343,-0.04996,1.44525,1.76884,-1.28317
-2.08925,0.94378,-0.53766,-0.05546,-1.22797,0.31903,0.06834,0.02186,-0.18904,1.07567
0.08688,1.59385,0.60333,0.45579,-1.03725,1.75599,1.69459,-1.52755,1.08496,0.08576
-0.93419,-0.01629,0.01437,1.28904,-1.04636,-0.15796,-1.49622,1.27875,1.06489,0.79312
0.52662,-0.47416,0.05039,3.36557,-0.71491,-0.59167,0.34308,-0.02932,-0.46511,-0.64522
1.03464,-1.49404,0.05101,-0.72061,-0.14272,0.44505,-2.61546,0.60672,-0.78760,0.15208
0.45908,0.22091,-0.48152,-0.68538,-1.97312,0.65931,-0.40683,0.14456,0.45827,-0.74227
0.68584,0.81779,-3.03122,-2.47808,1.78217,1.60281,0.15022,-0.00382,1.21829,-0.03139
-0.15956,2.00361,-1.31708,-1.41615,0.36641,-0.19971,-1.86736,-0.31853,-0.77508,1.15679
0.30786,1.00555,0.75813,-0.73955,-1.88982,-0.93592,1.21696,-1.05710,0.77861,-0.56995
-0.00881,-0.14852,1.17904,0.18783,-0.74344,-0.20657,-0.42943,0.05696,0.51240,0.56418
0.50438,0.52203,-2.13315,0.97581,1.12083,1.23930,0.53008,-0.67577,-0.55197,-0.88990
-0.46654,0.67160,-1.07259,-1.82781,0.54256,0.75553,0.17609,-1.44523,-0.17971,1.59773
0.03424,-0.74768,-1.28872,-1.24456,1.09257,0.87107,-0.44070,-2.07263,0.52689,1.17234
1.31782,0.52001,-0.68460,2.21559,-0.51220,-0.30020,1.57140,-0.89741,0.03591,-0.55622
1.49978,0.29105,0.09551,1.02224,0.24008,-0.11230,0.89677,1.80588,0.14822,-0.24869
-0.77612,1.25525,0.48444,-0.37210,0.49780,-0.05646,1.12080,1.50674,2.17234,-1.34649
-0.85262,-1.36811,0.52069,-1.98322,-0.43430,-0.43845,-0.21046,0.57158,-0.67736,0.15574
-1.34018,0.59225,-0.38199,0.16604,-0.85404,0.14966,-1.62310,0.49459,1.29119,0.94170
-0.83281,-1.13172,0.61467,0.68497,0.57051,-0.76385,-1.58438,-1.00384,0.21445,-1.33061
0.82106,0.65212,-1.39616,2.37646,2.06631,-0.48963,-0.51898,-1.33330,0.57384,0.03339
0.58865,0.57894,1.71811,-0.24321,0.67416,-1.13802,0.21941,-0.03655,-0.65545,-0.28415
